Paciente,Diagnóstico,Tiempo (s),Tiempo Mejorado (s)
Juan Pérez,Posible quiste,2.9128198623657227,1.7476919174194336
Ana Gómez,Posible tumor,2.1187551021575928,1.2712530612945556
Luis Martínez,Posible quiste,2.13094162940979,1.278564977645874
Sofía López,Posible quiste,2.1593616008758545,1.2956169605255126
Carlos Fernández,Posible tumor,2.1787822246551514,1.3072693347930908
